id,p2p_id,sim_id
1675,ceeb1029-d187-45af-9401-7a442910c245,39
1676,bda07c4e-286f-420a-a924-09e312f54125,39
1677,e02744bc-fdfe-4b5a-b4df-398e6455dd7a,39
1678,3c1973a6-7211-426b-b1b9-0859872fcc10,39
1679,26afd9ac-615e-4066-838f-d6128baf5666,39
1680,a5021cdb-52f2-4738-9e9a-19237c7835ff,39
1681,4bdbf7d4-241e-4210-97e6-47a7e87b4ad6,39
1682,de0ae29b-bf9e-44c5-847a-a2673d8d2fc9,39
1683,e1a44425-8f79-4299-bcb2-9859360a630a,39
1684,e1a44425-8f79-4299-bcb2-9859360a630a,39
1685,61e41bd5-b971-444d-afe2-9ad85eeb6c28,39
1686,dfbde906-2275-434c-90a1-b63d0757bb68,39
1687,a03099d0-22b0-4ee3-91c1-8848989be92b,39
1688,bc065bb1-8367-49aa-aca6-b76fe76e90dc,39
1689,20f4ca82-1191-4440-8ede-de3152a20236,39
1690,c0a98a14-c55f-48d2-850d-741ccd4b6eea,39
1691,ff371d69-f90f-4b75-81bd-969c8114d2cb,39
1692,b1b13a01-c6c6-46fb-8785-716e263810b8,39
1693,9733707b-0477-46e0-b865-70b1344c51c1,39
1694,54133884-4bce-46c6-8935-7c4e92d854c9,39
1695,912b9eaf-4c12-4e09-971a-ae436fc42b47,39
1696,1c1b694c-cebb-48c2-a46b-bba7ede19aff,39
1697,47fac80d-82f3-4c41-a281-6466d496e9bf,39
1698,e7dd7abf-6b5e-45fb-8ee6-fc42e268ad79,39
1699,8d5b1dfc-be4a-4934-871f-bcc5364b830e,39
1700,20596b4a-815c-4c69-967b-e44460ea7542,39
1701,046a6803-deaf-4259-807d-9d41c4b79065,39
1702,9a3ebc66-dad1-428b-8209-d3eea5f9a3ee,39
1703,81932d42-635b-421e-bffd-be00f534b62c,39
1704,8e6c751d-2833-4a00-a038-b6b45dd3eb3a,39
1705,c4b418b1-d0bb-4859-9e36-c3b3434e3078,39
1706,c4b418b1-d0bb-4859-9e36-c3b3434e3078,39
1707,8828bed0-113a-40d4-88cc-cd4eee23491d,39
1708,c2e34e35-caf9-43c4-a4e9-80e858785ea5,39
1709,83b452a7-92c4-44e5-8eb4-ec49fe8962a4,39
1710,83b452a7-92c4-44e5-8eb4-ec49fe8962a4,39
1711,fb98fd64-9197-44c3-a2c7-3f32ad0693d4,39
1712,862c44cf-72e7-4871-81fb-3b2dc79af90b,39
1713,146dee73-f91c-4765-84cf-b506ed48fd62,39
1714,a88638f3-b350-4863-bf61-6d13b873b45f,39
1715,1e7151dc-cb0a-490d-a29f-496836d723d0,39
1716,1e7151dc-cb0a-490d-a29f-496836d723d0,39
1717,7b3442a6-01d2-4528-815c-ba2ecf771e1b,39
1718,7b3442a6-01d2-4528-815c-ba2ecf771e1b,39
1719,287ab771-97a2-4250-878a-3875f22d393f,39
1720,8af02861-6a22-457d-92e9-b65f5cb369d3,39
1721,244fc033-c847-435f-93b2-b3094f1ae1b6,39
1722,66050dca-e5f0-4176-872e-58da2d17b597,39
1723,3dee059d-2bb6-4428-bf5c-9ba4376c63ae,39
1724,820d311f-5be1-4383-a7ab-77d6d2f85af3,39
1725,62577e17-71db-4ef8-909d-a7e65fd6a5df,39
1726,7751cf5a-ecfa-4d2f-9ea8-79a111f8d225,39
1727,80a5dffa-f049-4df4-9038-e48cf5941d20,39
1728,80a5dffa-f049-4df4-9038-e48cf5941d20,39
1729,8fcb13cc-a79d-4e2e-867c-562352ee2137,39
1730,0821b44c-bdc8-455a-ab96-0d97ea6b4e94,39
1731,6f53450f-cf24-4afd-9ada-87456d350b0b,39
1732,0b8a5eef-c0fc-400b-8979-3bf0fffa38c2,39
1733,02b7deaa-a0a2-40bd-8f26-755204f3d942,39
1734,b22a3e30-c3a2-46dc-9a09-a195d6da8499,39
1735,84471ac0-aed9-4c21-9843-a7ace1fdc729,39
1736,17ad733d-f121-4bff-afa9-cb0ba6abe0ec,39
1737,ed921ad4-b19a-4bd0-99b1-5a2b1d300774,39
1738,b22e5847-e49f-4175-b7df-00d96c7435b7,39
1739,a7bb8150-7193-46fd-9947-18cc71eb1285,39
1740,af236437-00ad-416f-97d0-6377525c77d1,39
1741,09ede732-22c6-4d60-bce4-4c989a0ad1b9,39
1742,09ede732-22c6-4d60-bce4-4c989a0ad1b9,39
1743,d160609f-9240-47bb-99e3-704cd5a78dfc,39
1744,ce4c3592-f65b-4484-aa34-a5aaaa81644d,39
1745,1c10cfc0-eebf-42a2-91af-f86733b63f2c,39
1746,4b59f9ab-b10f-45f9-ab56-9065f389e34f,39
1747,c9f797b9-1131-411a-a2a6-9225e99d218c,39
1748,57e3d99f-9ef4-4990-9fb5-70cdf0431393,39
1749,61492bec-bb90-4e65-bccc-389e4a163e1b,39
1750,9e6c020e-6b2a-498a-848b-72d33935b7b1,39
1751,b6d69482-4ec8-492c-811d-a11cb9ef7630,39
1752,04c71b4a-585a-4596-b7ff-bb9048b16afa,39
1753,328d4d65-aefc-40a3-8a15-e9a7250b4346,39
1754,4399aa9b-76f3-4f9f-9285-2fff7af88bed,39
1755,402cea98-c0f0-44be-b9a4-23d43379f783,39
1756,933a5b77-36b5-4f06-816f-1874a94bbe70,39
1757,b171a942-b2d5-423b-8d1c-9a944b542996,39
1758,f403128e-4bf2-4ad2-8011-336f1df2a246,39
1759,00ae0df0-4c57-40fe-9133-60be7b2cc091,39
1760,1ae1daa5-fa2c-464b-84d9-6de57f2f6a7c,39
1761,f965a51c-d4f0-4829-8321-6e253a0aaff8,39
1762,f965a51c-d4f0-4829-8321-6e253a0aaff8,39
1763,52171ea3-acc9-484e-bed8-39bf960eb45c,39
1764,672809f8-a280-4512-a80a-d8527bf52fcb,39
1765,1b808919-6175-4101-870f-0a8e06f751d5,39
1766,1b808919-6175-4101-870f-0a8e06f751d5,39
1767,b1b139de-06df-4281-9796-4232b34e7c5e,39
1768,ef468fb4-6f63-48f3-9429-989f3038535d,39
1769,d0c40336-6f39-4b70-b47a-f961ce3ab18d,39
1770,936f8b91-45c4-4efc-a78b-cbcae9101abf,39
1771,b69a8fb2-eb18-4732-8fd4-68268e141285,39
1772,a5ad8cae-88a2-4666-96c7-74f47511a278,39
1773,a5ad8cae-88a2-4666-96c7-74f47511a278,39
1774,2f547ea3-4b4f-45da-96e3-a359c4d8f4e4,39
1775,45535952-4cda-4174-a9f4-e951592c8b18,39
1776,3665c368-163f-422a-8806-cf0529e585db,39
1777,4310f9e0-a233-4cc9-bae2-b3e82e4a8a62,39
1778,175476b4-4f94-4010-9bb7-3b41e041bba0,39
1779,cae17fbd-df07-4e47-8007-d292c210cba2,39
1780,3071301b-c4f2-4130-bedb-6e2639c13e0d,39
1781,a763e6d3-be73-46e1-8ca0-b77159286560,39
1782,6ed18860-6cbf-4733-b5a8-c56d12dead9b,39
1783,547718f1-029f-4038-bf22-a9d0d033fd25,39
1784,13966515-12f6-45d5-a4d8-82eedea11acd,39
1785,a255605c-f7a7-4a98-b419-42591bffcc8b,39
1786,b4785774-36ba-4f44-8af1-a011764ef8f9,39
1787,6dad1bef-1f48-436d-bd3b-d15bae17ac01,39
1788,9644b1da-3393-474f-ae63-e5fabbbc5423,39
1789,7a6e6b24-ded3-4560-b677-acc75e7caf2c,39
1790,26e73920-a3cd-48f0-a2fe-df706fffba66,39
1791,6355afbd-8f8b-482a-bc1a-efc85100b551,39
1792,63cfadfd-235c-40aa-8f43-024bce0ac96e,39
1793,553d0f3f-130b-453b-89b1-5b5edb7a2b69,39
1794,553d0f3f-130b-453b-89b1-5b5edb7a2b69,39
1795,b99033cb-64df-4819-9646-d5c72b3ccff4,39
1796,d80ece87-bb06-4a87-a7bc-f9d5f13d9cfd,39
1797,f9ff4ee4-1017-4d03-abe8-548a064214dd,39
1798,9b3e2aff-6580-4e4b-8f6f-129d8b55f33c,39
1799,f8c92076-ec09-4121-981e-00668cd00932,39
1800,f7105750-cd67-487f-a72f-997216f6110c,39
1801,150c0bae-1c92-4c03-b276-7adb4a69d8f7,39
1802,a229f9a5-356a-4b50-96c7-530969c47a68,39
1803,5c9e412d-1f8d-4134-8eaf-e4522bb3ce8d,39
1804,3a47995b-e3cf-45e9-a2e1-ed78d59ad1dc,39
1805,ab14816a-8bad-4d19-9745-803500a66c2a,39
1806,6293c1a5-4a1e-46ab-a4d7-0e8d131d9ef1,39
1807,e1e909a7-3ad9-4829-95b5-8e5801bffd39,39
1808,e1e909a7-3ad9-4829-95b5-8e5801bffd39,39
1809,0bc78ea4-b61c-40fd-bce0-6fa1f07f24c2,39
1810,17af2868-cb0f-4772-a7e5-7251e201adc1,39
1811,c186cc0b-91bf-4a22-bd27-86fb0461374b,39
1812,c186cc0b-91bf-4a22-bd27-86fb0461374b,39
1813,2d5872b4-d941-45df-a5ab-fa72243d22b9,39
1814,95d73017-a572-4cc7-84c5-eb4bbfc9b559,39
1815,03a646fb-ba79-430f-9e61-02ed0865f28c,39
1816,03a646fb-ba79-430f-9e61-02ed0865f28c,39
1817,1885a45a-b43a-4cbf-9b31-54fb4605f902,39
1818,8b14c7a4-e905-4f0d-b786-6b0b5f3d9fbc,39
1819,d7ca0deb-beeb-48bb-ac41-dea3e9d4ae7a,39
1820,18dc3664-59e8-4418-bfd3-b17f2a1da1fb,39
1821,d2ebe0b9-90c1-4a50-bf0c-586357acb4a4,39
1822,d2ebe0b9-90c1-4a50-bf0c-586357acb4a4,39
1823,fcb6acff-1133-4e24-886e-8ca51c2371a6,39
1824,495e32bd-dae0-435f-acdd-2800befc6841,39
1825,41e6d147-72b8-428f-ae95-a40fd026689c,39
1826,6eea247b-de98-417d-a799-d1b66603ce78,39
1827,ac338b76-e43a-463c-a887-81b6e824ad97,39
1828,f68bb140-fb14-4543-937f-5f5a1d57e152,39
1829,8983bbf3-f797-43e3-b8c5-53fc3e7b4fd4,39
1830,e9055f9c-7738-423e-ba66-8f9361801441,39
1831,32e86581-f8bd-43d7-96ce-0257971effa0,39
1832,03033948-656a-469d-9312-dc5d3ad2cfaf,39
1833,284d011f-2cbe-46b7-b414-1fe40e31641d,39
1834,2ec96ca5-5457-4f69-a144-af39102d9fa9,39
1835,2ec96ca5-5457-4f69-a144-af39102d9fa9,39
1836,87fb6c9d-79a4-4eda-b3b7-18df82a9da83,39
1837,4fe20802-ae03-4e73-a028-2392867efca2,39
1838,03626255-1c66-40a4-88c1-3f2233402adf,39
1839,5a20ca9a-c5dd-47e2-94da-3cc1f4e02966,39
1840,ddbb5bd9-5866-4372-ada7-e97464c169ba,39
1841,86c00c8e-4f38-4e15-bd95-f0817ef7a846,39
1842,de3bd445-e699-4123-a4bc-037a9254cf9a,39
1843,dcb01664-a694-4da8-96d3-4cc8c082df11,39
1844,a0a3bf8d-42ec-44a4-854b-baeecb2671b9,39
1845,ec8b8eb2-509d-484e-8b57-65591b83fa7d,39
1846,7c3fe5e8-9ee9-4509-9bbd-0f3a860e265b,39
1847,7c3fe5e8-9ee9-4509-9bbd-0f3a860e265b,39
1848,dabb30b1-ec9b-443e-a892-ff4d29781ea4,39
1849,bfdfbbc8-0556-4a99-ae8e-d0368fba6c88,39
1851,4bd741df-d306-45b5-8cdc-d153566fc055,39
1852,2f4e9306-c4e9-4dd3-9e76-9cc178ae9181,39
1853,f5fd4ba1-3da5-4a37-9950-622a65f82c55,39
1854,e7d314de-2c80-4147-91f8-686252156be3,39
1855,e7d314de-2c80-4147-91f8-686252156be3,39
1856,abc09e61-7747-4501-a312-c5e2cb7a8963,39
1857,7b71c14b-8310-4b36-a1d2-c01eeadb33ab,39
1858,b5830628-fe75-4d2c-a77d-95901a1d3501,39
1859,4fc90cc7-f381-480a-88f7-81021a948c2a,39
1860,4fc90cc7-f381-480a-88f7-81021a948c2a,39
1861,22384948-f15c-453c-9b27-b537e65eebb1,39
1862,e692b5ba-a5bb-4280-9771-d96a9e2577fb,39
1863,df152144-f825-4a97-a120-1190e00e191a,39
1864,1f9f62f4-8e33-42de-8c8d-90133a630a0e,39
1865,b7f95378-a8ed-403e-9314-c6be81e8b495,39
1866,15939e19-98fd-40db-b97d-a638f28339f3,39
1867,15939e19-98fd-40db-b97d-a638f28339f3,39
1868,ed24d9ad-ce40-4085-a483-dec4e1f77de2,39
1869,5203aee5-01f7-4b71-b638-5a213171864b,39
1870,086fa1d3-a7b7-49ef-90fa-8420e1642309,39
1871,086fa1d3-a7b7-49ef-90fa-8420e1642309,39
1873,2a1c957b-3d6a-40d2-aa5b-e3cddbfa7817,39
1874,e3f57c31-7eb3-4f5f-82da-541c9c1c49a9,39
1875,04b31eb4-0a9e-48d8-b693-f2c12315e499,39
1876,39d96aca-60af-4af4-b733-92523f2b4ec8,39
1877,d6a671c8-5506-4bce-a148-049b4891d0d6,39
1878,3095dbf0-2f76-4aac-b9a2-aa39fa9e5a77,39
1879,cc74edef-1129-4e51-bfcd-986a2c494486,39
1880,bc192ff5-4ee5-4c09-ad45-df6071317dbf,39
1881,fe05d7c3-3b41-4474-9a8e-913da810d3ca,39
1882,70004a81-5ca4-4b40-84c8-d97a86d7712d,39
1883,70004a81-5ca4-4b40-84c8-d97a86d7712d,39
1884,9a6ec3e4-919e-4d1b-8c4a-d9fa9b7073b8,39
1885,6f4d04b3-644e-4d2b-8cd8-0ce280cdf541,39
1886,f0acc425-5c36-4de2-a157-42b761751ff5,39
1887,0156a384-00ca-44a7-b578-abf848791dc2,39
1888,0156a384-00ca-44a7-b578-abf848791dc2,39
1889,3da49281-1463-4c35-a200-88aaba54ea34,39
1890,b2f1df22-7b2c-4b51-892b-f4302f4c461a,39
1891,156bcb9e-d115-4546-b759-15205115264d,39
1892,156bcb9e-d115-4546-b759-15205115264d,39
1893,65e81aa9-bdc8-48b0-a10c-6f47e1ab63df,39
1894,c46661b5-6cf8-4dc0-9c37-ef4ff8ab5de5,39
1895,85404447-1e75-4ccd-9576-9216d4c5a99a,39
1896,a584b37e-07c7-48af-b610-21b0f5f9a2d9,39
1898,c7fc24d5-0f84-4f19-b341-23b68814b7b4,39
1899,ec7556de-9adb-4cd6-8df4-332ea712b3fa,39
1900,cb8cd8d1-7df3-4c99-ae16-789994e1b09a,39
1901,6dcd41ec-5a50-44dd-b59a-81ec5b39f646,39
1902,6dcd41ec-5a50-44dd-b59a-81ec5b39f646,39
1903,df89da1b-798a-4796-8384-f7f196f9eb60,39
1904,1f88fccc-2cdc-4984-bac1-8fb9b10b67c7,39
1905,5b258863-2ef5-4a4e-9739-efafb8a0e2eb,39
1906,854971bf-40e4-4023-9271-1ce3610821ed,39
1907,854971bf-40e4-4023-9271-1ce3610821ed,39
1908,759cc33e-f634-4400-b714-ee08dde20a6e,39
1909,c3bc8358-9609-4925-a308-9dc159a0610c,39
1910,c3bc8358-9609-4925-a308-9dc159a0610c,39
1911,ec9ff3a7-c78d-43cb-9486-1cb20e625cbb,39
1912,7c4f5f88-0f62-40fe-aa4d-0d02055cafd3,39
1913,1473362d-5f80-41b1-8c02-1adfbeb1025e,39
1914,1473362d-5f80-41b1-8c02-1adfbeb1025e,39
1915,2f4aa6e6-593d-4ee9-b7ff-a516c9d8a7d0,39
1916,50b52c12-da67-4bca-b03c-7165ec54c04f,39
1917,50b52c12-da67-4bca-b03c-7165ec54c04f,39
1918,b118697d-74c6-42cd-a364-4d868293ec3d,39
1919,66a0b930-60df-4a76-b1e7-a9a4677dcb34,39
1920,35fd3d19-5454-4f9e-9fe6-d4c7295edaa3,39
1921,909f91b0-7bd3-4369-a77b-783e75c8e905,39
1922,909f91b0-7bd3-4369-a77b-783e75c8e905,39
1923,e7e959e1-a8ff-44c2-8bb2-2d2fc51dfc72,39
1924,6606686d-b2dd-4c20-ae96-c898e7c801b3,39
1925,885dbde6-1918-4340-ab4e-1be2ead25a16,39
1926,4a21dc5a-3bc6-4347-8c5e-005124b991de,39
1928,582078cb-aa7d-41f6-ab6c-2a22025be64b,39
1929,2817d66d-2586-41f4-9c91-b9e6f4354812,39
1930,37c1ed44-fc10-4757-b592-6065cfcf339b,39
1931,c3dbdb22-041c-4eec-b8fb-e8efb6734e2d,39
1932,da273174-6100-4251-a08c-28b30705ada3,39
1933,5e179c66-f462-4455-b515-3918354b7e1f,39
1934,16c854e9-3912-487b-b6bd-c0d320982a09,39
1935,415dd19c-0768-488b-bfad-920697ed9a81,39
1937,935023ff-dd6f-4122-a45d-cf995ca37622,39
1938,f0bf39b4-b42c-4fc0-b78e-d8f59f41b8f6,39
1939,8e7e547b-7e4a-4194-9232-50588371c4d3,39
1940,6f411a10-9f9a-405c-b796-3c551b2f375d,39
1941,bdde8d01-0559-429e-b87b-b03f21e289f5,39
1942,9bf0007a-90fb-457c-a027-381d2aaa445d,39
1943,41114a93-1d0f-4869-a679-260a4c8f4eaa,39
1944,41114a93-1d0f-4869-a679-260a4c8f4eaa,39
1945,2b187715-6bc0-4f43-91ae-acb60311fc10,39
1946,2b5900f6-aecd-4f15-8ebf-01d031959556,39
1947,daf4245f-7124-4eba-b289-b2d2df6dfda2,39
1948,b02d9f13-20c1-4dd7-b538-88586dcc12cf,39
1949,4b2c8cda-941d-4a9d-b1bf-281188366464,39
1950,4b2c8cda-941d-4a9d-b1bf-281188366464,39
1951,2822b93f-cdfc-48d9-aa0e-6f8dbe64788b,39
1952,2490ea9a-c425-4a7b-9ed8-3c66b57dfbb2,39
1953,7b4cc6d5-a925-4ef5-a6de-c152d996f9c6,39
1954,25405a5f-3e48-4dcd-a2a3-ed301524e295,39
1955,e6459086-ef51-4e87-8852-4d2744c9f87d,39
1956,3fc1a9ae-660e-4d72-9725-92851c80a393,39
1957,83c5dfb7-6a31-4537-beb1-e360fee2530c,39
1958,b6766955-5d72-4a7c-8ba6-42f32afb9024,39
1959,650fc1d8-81c5-4658-a399-73b2909bb313,39
1960,6bf7a21d-4f9f-4427-9d2a-e5551d847be2,39
1961,6bf7a21d-4f9f-4427-9d2a-e5551d847be2,39
1962,5e03d393-d63b-47f8-8535-d3a9247c9c00,39
1963,51f50ca3-e1fe-4dde-a5a7-506eef634c36,39
1964,319c698c-4c60-44b1-ab15-acf79c8512f6,39
1965,bcc06ad7-2f60-43f1-806d-2b3c85e97fd5,39
1966,f2828c4f-24dc-4a54-adb1-e7576b6eea16,39
1967,6e2af9c4-58f7-4d0c-b310-24caac1be0af,39
1968,6e2af9c4-58f7-4d0c-b310-24caac1be0af,39
1969,9e4bd252-773c-449a-80e6-2db54ed8437a,39
1970,213438cb-5ea0-4ea0-a2a6-14c669239490,39
1971,4977efde-6c52-4c92-8ec9-9ae87edd1ff9,39
1972,47b57a45-ff16-40f5-9790-fd122ef90d6d,39
1973,202acf7e-a80f-4ca7-94f4-2d6d8d434e0e,39
1974,37727b34-c8d6-4a86-963b-e6f00ddd3e0d,39
1975,37727b34-c8d6-4a86-963b-e6f00ddd3e0d,39
1976,489c09c2-e807-4d95-9627-fe66ad829dad,39
1977,5e9f21de-b84b-491c-9127-74804022bdcc,39
1978,bea03904-3785-48bf-8d1c-9b56ee998493,39
1979,150c932c-b9b8-4790-a43c-6ee29622a6ff,39
1980,32765ffa-c4c5-4616-83f0-24618c062542,39
1981,89ccbee9-b1c1-461c-9070-7d133f181e16,39
1982,04b8efcb-c1eb-4d2a-a9da-451c4ddf5424,39
1983,a60c7d00-b206-4d5f-bc5c-913d19abdf05,39
1984,73586ee3-d6fd-43a8-9a3b-f0ec1e036c66,39
1985,a9e1c1ce-bb73-4aa7-9271-022f6d865a76,39
1986,a9e1c1ce-bb73-4aa7-9271-022f6d865a76,39
1987,8cfc84df-ff20-46ec-b5d1-c63bcad2a338,39
1988,0ef3a51b-73ca-410b-83ba-2b35993c3d2f,39
1989,3a0aa988-b9c9-4ef2-a872-9dd764a46a34,39
1990,4a40cea9-8a5d-4de0-a39c-e811aa76fef3,39
1991,50bee692-e7c9-4f2b-b66f-2b8c02e8a138,39
1992,6052969b-182a-4c5f-816d-490866becf23,39
1993,459a3472-cf4c-407b-bee5-36cc370aa4d1,39
1994,2edd6f87-7d6a-474d-afb6-df0077fe621e,39
1995,75530d56-2931-4104-8242-1d360f9fb1b3,39
1996,461fee5a-8dc8-48b1-8143-bded25cdf4e8,39
1997,56d47f7c-a471-4f79-b7e1-2feafb5389ad,39
1998,35d70804-2d42-4525-a0b3-4dfcb798e7d7,39
1999,ddca144f-8f1f-42b0-a47a-4d97a89a1d6e,39
2000,526488ff-82ed-4aab-b4b2-08bb6841fa96,39
2001,49be02ea-67d4-42e9-a877-0dfc8e8ea17a,39
2002,d831e168-e637-4715-88bb-87751b02e531,39
2003,d831e168-e637-4715-88bb-87751b02e531,39
2004,e8e6e352-1043-48d7-87dd-2d7c6f9b55cc,39
2005,efe4319e-b836-411a-976a-bd84997a5812,39
2007,962c6a26-a07d-43c8-bd33-6011c69854cd,39
2008,1dcdc38d-350b-4019-a3ed-447613cac1f2,39
2009,9b518f2e-bab6-47f5-ad77-67af05bf317b,39
2010,ee5bb70a-b78d-4d49-a8ec-7835f081ecab,39
2012,4aac4aaf-23f9-4080-b7b4-6372a212ee6c,39
2013,913717ed-a71e-4270-b2a5-bcdb93fed7f9,39
2014,4bb7c31b-3374-477c-aa2a-4f1bc936dceb,39
2015,14ad58ca-d02e-4723-8391-02badb931166,39
2016,492d94d1-2775-4108-9ddb-1ef6d9730cde,39
2017,492d94d1-2775-4108-9ddb-1ef6d9730cde,39
2018,53107c20-4e9b-4f70-9500-63c9f29219b8,39
2019,3541e8cb-dfb9-48c0-9872-01669550357d,39
2020,3b7fbb76-fdee-4591-a300-6e285b8e14e2,39
2021,113a0dff-267b-47cd-8905-2b86926b6fe8,39
2022,38babc60-85b7-4337-a015-3055c9154997,39
2023,b9ae6441-7dd5-49d9-a85e-f50eba1b3dd4,39
2024,8663abfa-7ee1-4db0-b7f7-77f0f4fd1316,39
2025,f56f5b46-292a-4d3c-a204-7bdedfa708e3,39
2026,ab4c003e-bf79-4164-b59d-76bf7a4d321c,39
2027,e186c565-cbfd-4827-906f-b8b24da8db72,39
2028,1b5f160c-afad-4a5e-8e0e-99100f87467a,39
2029,44a6690b-e0d2-40dd-af73-b8fa59ee9a41,39
2030,19879870-c546-471b-8b30-b663b829ff45,39
2032,cbf5c563-471e-4529-bab7-ec2f0ced74bb,39
2033,d5c95a56-0bc0-4712-82f1-6823b05c99f4,39
2035,54eae5a2-ccb2-4629-8c07-5eb7cfb727f8,39
2036,54eae5a2-ccb2-4629-8c07-5eb7cfb727f8,39
2037,5aec637e-cadb-426a-99f1-6a9d1ade9e11,39
2038,5552b0d3-3d82-4c16-8f50-c68915c80826,39
2039,33b967c7-e047-4606-a8fe-38b5c15a091a,39
2041,5d9982af-7518-49fc-a144-820f4c6473fb,39
2042,417c70dc-100b-4335-99bb-cf01b55e22b1,39
2043,417c70dc-100b-4335-99bb-cf01b55e22b1,39
2044,968953d7-3906-4555-905a-e07791c56f82,39
2045,620ea800-0492-4f44-85f3-6185e513b069,39
2046,396bb407-8d20-4beb-95cc-74e5107b2c77,39
2047,7528e3f4-d91a-4721-ab20-5d32b7c5972b,39
2048,7528e3f4-d91a-4721-ab20-5d32b7c5972b,39
2049,7cc90938-8f5a-4f85-801b-ad621ad62673,39
2050,31293e60-be3d-4a74-ae3d-6c4264e9f4f0,39
2051,8b83cdb2-8a13-48ad-92aa-db3a61e02674,39
2052,475067be-e9d0-461c-aa8b-192a317699d9,39
2053,f587019b-2c40-4df0-b91e-9875ce15c22d,39
2054,ea176d61-3d05-426b-b285-e10e03b18401,39
2055,a89b0c94-3b36-4dbb-916f-e4f5ff223bfd,39
2056,d0285ddc-5d5a-450d-ac55-3cc325defc49,39
2057,7285f31b-2dec-49bc-991c-dbbd3c6dfd3e,39
2058,7285f31b-2dec-49bc-991c-dbbd3c6dfd3e,39
2059,1aa1e12a-ba62-4270-8760-d68c4fe106da,39
2060,01bb59dc-18eb-434d-8dc4-4558f3950479,39
2061,bcdea569-ea2e-4dab-b2aa-addce929fed9,39
2062,490f0f0c-d4a5-4603-9f60-e68d7341d69a,39
2063,ff9ba59e-f945-463a-b124-9230a2fb4b71,39
2064,a08d981b-ba9b-4c90-a935-f0f333dd8093,39
2065,cc8b4729-8cb0-4ef7-b0d5-42a68bbba84c,39
2066,e2e192ec-42be-42a1-9601-67c0065436cf,39
2067,e4218a8b-72b7-4ecc-85ee-fadd90cd5766,39
2068,0459b756-27c7-43b6-895d-0c69b02afa67,39
2069,0459b756-27c7-43b6-895d-0c69b02afa67,39
2070,943f4575-9910-46d6-a7a4-640fce180019,39
2071,3e1afa0e-3566-4ca6-93e1-28e224b603ce,39
2072,64fff31b-7394-47d9-8f14-df9473671a32,39
2074,953551c1-4b79-4581-a164-4a6b008a51d0,39
2075,41b77621-99c2-4d4f-9c13-2c08620b0629,39
2076,aec6870e-145d-41b4-89b8-3fdb1ec9a689,39
2077,562dcd4a-aa85-4b8b-a4f4-15677736c702,39
2078,71944587-1b02-4033-b822-1747c03b194f,39
2079,547bb576-8910-4d44-b220-78f18c34f126,39
2080,a8e785e3-6f4d-40f7-964e-760f6ceebad6,39
2081,165e5653-f3ba-48d3-ac67-761450681550,39
2082,7f785300-f1ea-4bd5-9997-84694ceb4ffd,39
2083,02ba5e67-363e-4925-b902-36133aec4f96,39
2086,6542f086-8243-4c34-9389-b95ba2f5aa3b,39
2087,edf06076-8fb1-4119-94ca-1948e84b85c4,39
2088,edf06076-8fb1-4119-94ca-1948e84b85c4,39
2089,099103b5-92e3-4faa-ad1b-c20d0bdafef8,39
2091,1903337c-76f8-46de-82fb-c85d803184ed,39
2092,93d352f7-d2f0-4ee4-9b90-dd5f382e6dd5,39
2093,b384dd98-6ebd-415f-8591-c4f2a7753243,39
2094,e006595e-18d3-4824-a2d6-9a5608ee2054,39
2095,34700af4-d7f9-40de-8639-3284db5d2f4a,39
2096,2cdf8b60-7485-405f-8707-5243b2acb857,39
2097,ea3c5153-cd0a-4113-a6ce-46d2a5917087,39
2098,9424b3d0-e3a6-453e-a40f-abdc46e0f4e0,39
2099,75c51477-c9ed-42b1-bda2-c202e8727bb7,39
2101,47217f1c-0d99-42b3-a9d9-7f6f5ad7ba94,39
2102,a9374626-a37a-4a3e-ab65-7682342f3591,39
2103,61af07dc-96ac-4509-afa3-cf8af5bcee03,39
2104,298894b8-8423-4e9f-a117-d4edfbd22c4c,39
2105,b62d06b0-aa81-4fad-b70e-49ca19799d68,39
2106,0949c256-2ccf-4ef6-95a6-9c98820124ae,39
2107,0949c256-2ccf-4ef6-95a6-9c98820124ae,39
2108,fac47982-87cc-46f7-9a4f-8b809ed98bae,39
2109,6c178b53-0c00-4ad3-921b-43c8e03ab923,39
2110,902b38a6-f0c1-4689-a13c-daca90d46b57,39
2111,d8a07999-337a-4738-8916-2d7ab4c8cb59,39
2112,421ae99f-29cb-4e30-b732-4a21e4ba6115,39
2113,1af0de8e-0a24-44b9-a379-43c985d87fe5,39
2114,4a32a319-ce79-4542-9b0f-b319ef2ee91e,39
2115,cc415e91-fc97-4529-aa22-b2888d258165,39
2116,26b00f08-7dc4-4da0-b2e6-d8e09eb46f70,39
2117,26b00f08-7dc4-4da0-b2e6-d8e09eb46f70,39
2118,c8018009-8906-445d-a08f-611627a8c7aa,39
2120,7bc43e66-3b57-4031-880a-c4e66cabccbc,39
2121,76ac1843-1a40-44be-8ca0-e063a3bfa118,39
2122,791a8888-222f-41cd-b83a-d6c90caffc27,39
2129,7ff2314c-73bc-4d3a-8b27-b182648f3d05,39
2133,cfecb2d6-9afe-4b50-97bf-1c5ea095b066,39
2134,37a8ff6c-ed6e-4c00-b587-93339d133ca6,39
2135,5740314b-ab7c-4511-a2f0-4b82ea183342,39
2137,20c9cf2f-870d-458e-bced-dba214f0d7de,39
2138,a33548a5-8cbb-43a1-84cd-707b9ebd1a1f,39
2139,dc106904-6e38-4dca-86fd-bff6feee9eff,39
2146,0a6000c9-3fd4-4c36-825c-4ea6d26206dd,39
2148,65c8d89c-f423-430d-96b5-aded7cf552e8,39
2151,ae9a3190-faea-4eb7-8361-3439a5854ae9,39
2153,77c24bb4-7142-4dca-b4d8-9d13a22ee81e,39
2154,77c24bb4-7142-4dca-b4d8-9d13a22ee81e,39
2156,22ff00bc-3cff-42b5-8835-8c42152c64c4,39
2159,6c386768-cff4-4205-bd2e-4ae108ce1f89,39
2160,3ef5e145-464d-47c7-a5a6-957f285c033b,39
2161,f9e88a60-0835-4a80-ad99-67fc5f69a563,39
2162,623e882d-1e62-4d88-b9f1-3bde8e73718d,39
2168,f4e22529-599b-469b-a1da-f7d218312dcb,39
2169,221e80bd-1ea4-4222-99f8-945fd24501c2,39
2170,70342aff-64f4-4a0f-b179-626c105d3519,39
2171,70342aff-64f4-4a0f-b179-626c105d3519,39
2172,1f7248eb-b1c7-43c7-96f4-059bcd8e1c4e,39
2173,1f7248eb-b1c7-43c7-96f4-059bcd8e1c4e,39
2174,c6a7e718-e5a0-45e3-aaca-c1c186374752,39
2175,85942de9-4c96-4d7a-9529-5ab9f039cb00,39
2176,13019d22-e90b-4d63-ac9f-ef39c4f5abaf,39
2177,6b7391fd-344f-44d7-a6ee-de24bd57b8e4,39
2178,d50ea70a-8b55-425e-be14-6e1ea7ec32bb,39
2179,9e0028c8-b559-47a9-8967-0eeedcc5f943,39
2180,01bd3733-eff2-4287-a64d-d3b40355205f,39
2181,69e88a58-54b4-4876-a5ba-241fc3c4b7ce,39
2182,dceb711e-53f6-46ca-981c-5f85f164bea3,39
2183,6e169a8b-c741-4b5c-99a7-4e396a8f249d,39
2184,6e169a8b-c741-4b5c-99a7-4e396a8f249d,39
2185,bfba022a-763f-4027-aca4-84ec9206da12,39
2186,cc81873e-3547-42ab-85ec-6a5fb767a0cf,39
2187,5194ad90-a9f7-4183-aa42-0f266160d16d,39
2188,6610cbbf-f33b-4dcf-ac19-c64d34d65348,39
2189,01d43dd8-94d8-4f8c-b704-784157340592,39
2190,4b4b0b10-e907-4292-8054-acbb19b42023,39
2191,547d0a0e-acfe-4633-8eda-cff29cfea779,39
2192,300d317f-05e2-4131-83c8-a543952c732b,39
2193,a0b9defb-90b3-4839-aeb4-55c3b429716a,39
2194,1267f8a6-dac6-4a72-91d6-dd2899bfb4e0,39
2195,8affcaa5-fe56-44df-b9b0-93d3ac1b0d8a,39
2196,429482cf-dce8-4b21-961f-640208a86f52,39
2197,133fc626-dba6-4c0c-899a-c48b1d094d8d,39
2198,692b349c-935a-4a49-9e6d-df5d3fe175ef,39
2199,4c6e14a1-3931-438d-9937-b8e3a0305cea,39
2200,6abdd803-5d04-4fe9-906c-9fc016f56aad,39
2201,c9b8b2f1-cc1a-4f5d-a691-723711e987b6,39
2202,c9b8b2f1-cc1a-4f5d-a691-723711e987b6,39
2203,a48d404b-bb07-4468-aacc-4422351792ac,39
2204,39298066-136f-4778-8d70-2cce9f39dc3b,39
2205,27a4d2f1-91b5-4ebe-aec9-9565da9e01b1,39
2206,2c2515dc-64da-4d9b-aec0-1a479308d10e,39
2207,81b7e1b1-3eb5-4748-b941-9268c6514b27,39
2208,2f449a05-8f1f-4996-aafa-8c16495771ac,39
2209,2f449a05-8f1f-4996-aafa-8c16495771ac,39
2210,8dc6d011-7d8a-4305-b607-9af0979fadcc,39
2211,4e990432-d227-4420-b3a0-c35ea6ba17bd,39
2212,2260b670-91a3-4b7b-bace-7c640887356a,39
2213,b100a9d2-d757-4987-a0c4-9e933d43913e,39
2214,b100a9d2-d757-4987-a0c4-9e933d43913e,39
2215,4a6fc656-b305-459f-9128-90f9d2c68990,39
2216,780df636-e4cf-4b0a-b3b4-145dbecadb57,39
2217,ac1689e8-f504-4fcd-a1c3-4ad7f705f2b5,39
2218,2d6b0605-b9c7-4976-94b2-e8885758746c,39
2219,1bacfe4f-da74-4f6b-aa91-e1f11ab21c7b,39
2220,3e42b8ac-4e1f-452d-b7f7-7b49c01c9b89,39
2221,e86860ba-61cd-4443-b5ff-bf03bd6f3d46,39
2222,cfa1ba17-9525-45fc-8ab3-dc8071d12a02,39
2223,dea29417-2b6e-4a25-addf-42f760bfecb1,39
2224,305b4b2a-948a-4f98-906d-d283731ac5d6,39
2225,2deefcd1-95ce-49bc-8618-f50f8c81b11b,39
2226,71325f2e-047b-4394-a047-6ebb95105c78,39
2227,ab29913e-a53b-44c8-b3f5-7d3e47ac640e,39
2229,f769f079-d3b0-4a13-8582-70704d8c5e6e,39
2230,b5f7dd1e-826e-49c0-a8fb-33a5ee8bd8c5,39
2232,573e48d8-c736-4274-9c84-8627bc2d30e6,39
2233,f79b4b17-ebb3-4df3-b57f-499c8d338c33,39
2234,6bcd0b00-08cc-4d17-abf7-9d73e219ba9b,39
2237,02a44a74-6e71-4b63-b45d-e8faae981e33,39
2239,535095f1-f11b-4950-b5a7-7fe567527424,39
2240,63703216-8742-4000-a2e6-210876fbc4f0,39
2242,73187daa-f32b-45bc-9878-512432c1c81c,39
2243,5049df83-3752-4ffe-b1fc-7db7a90fe358,39
2244,59ba699d-306e-4757-b7ff-9dcfb2cf6255,39
2245,5552cddf-dd2c-4986-b5d9-94ceca8395f3,39
2246,1694ba3b-3218-44b1-bf62-bd752011a5de,39
2247,4e8772de-d076-4d9c-b3a0-4a9f2a18f227,39
2248,10a23579-7744-42a2-bca8-62615c02f56a,39
2249,85c067c0-7387-43d6-9869-7ee7150b1545,39
2252,6d0f8e67-ecc8-4eca-a66c-c7e7c219da03,39
2253,f33bc60b-2b8c-4d76-803c-a19a49b50182,39
2254,e7906030-f20b-458b-b709-75c0d537e711,39
2255,edc34a64-3b92-4df1-b8ac-1d8cb6b09b42,39
2256,3fd68056-a1d8-460f-9a7d-0081da3e74f3,39
2257,8401b666-d964-4a66-b4c7-8e653a4f9413,39
2258,0e648e65-8c22-4680-ac74-3d8abac99b3d,39
2260,1b27d58c-5df8-4a92-93f3-9f087856aec5,39
2261,5a5f97a3-6397-446a-87fc-f5a5c62db063,39
2262,2d997715-e0c3-4c1a-8b64-66c717417c05,39
2263,97ee43a8-ec82-4cce-8ecc-ffbfce2f6436,39
2264,2efdd289-aef3-4da4-9d1c-6cec8166771c,39
2265,2efdd289-aef3-4da4-9d1c-6cec8166771c,39
2266,55474a58-d38b-433c-9a0a-c3fc42a0c1f8,39
2267,f7d14301-ef5c-433d-9858-280c5ca80572,39
2268,cbaa5b11-4764-4430-9cd5-70a51c1315da,39
2269,ebd27cc2-3916-4022-bc1e-c06df540310a,39
2270,e0b1fb08-46c9-48ca-8676-796ba1c2a284,39
2271,7e6782c0-ace6-4736-b013-cd9aa0f96ee4,39
2272,7b332744-b44a-4800-830f-594ab878ba33,39
2274,05b3448f-283f-400c-88ec-76c9baa4aae2,39
2275,f1d262d0-a5cc-489a-a0fb-65a462d8a945,39
2276,dbe0c832-6324-46d7-9171-ac79e005f34a,39
2278,44713655-b86f-40f0-bed5-19302244199f,39
2280,5dd29382-e19e-418e-97ea-68bbcd3ca7a2,39
2281,9cf1edd5-f232-4d81-b3d3-4ad54d891d99,39
2282,c3d64eac-0681-42de-a1a4-15ea94b09217,39
2283,45956646-3bc3-4565-a69c-902a49c99b11,39
2284,115584bf-6693-4014-8782-c34fe3aeaddc,39
2286,02b14d88-5345-4af4-aa46-9c9e1ba5d3cc,39
2287,16b7e455-a34c-408d-b7cb-9fb0f0fdccba,39
2290,bb827333-fde3-4991-b851-2de66c92a83c,39
2291,9ed6fcbc-60c3-4809-bed2-47373d556798,39
2292,3f6de66f-60fc-4604-a797-b7c58a93bcba,39
2293,8295e855-237c-4ba1-b6f9-23e8a59c1bc8,39
2294,58795b54-1a2d-4f3a-86c4-1ceed1721eba,39
2295,da7539d0-0c4a-4348-bcf1-6fe1a4f87f33,39
2296,a681c39d-b076-4734-9742-771a6c1a3bbc,39
2297,13ef4994-d4a6-4b90-8862-e3473e066d76,39
2298,bce71823-449a-4ff6-99f0-890a8ada6611,39
2299,97cc7d61-713f-48f1-829a-5ccd38d695e0,39
2300,97cc7d61-713f-48f1-829a-5ccd38d695e0,39
2301,a0c1e593-e78f-4c5a-baa7-e9e1da7f9b36,39
2302,37a87d64-65eb-48e1-8f5e-f9dee906a436,39
2304,01098fbe-ad40-4e79-bac6-05baf3657291,39
2305,cd5b216e-01df-41f6-9e26-62fda03e04e0,39
2306,cd5b216e-01df-41f6-9e26-62fda03e04e0,39
2307,a32cfa39-82e3-4b0b-8078-963063e52b17,39
2308,5391a9cd-e46a-4582-9cea-b12a967aa852,39
2309,68b8456c-9f60-419a-9d4e-3d21496b3aa2,39
2310,ff18808c-fe8b-453b-b91e-0dc7d1064eb8,39
2311,1277dd66-ebf1-488a-b619-e46533e58183,39
2312,1277dd66-ebf1-488a-b619-e46533e58183,39
2313,7295bc8a-6a80-431c-a343-962331027624,39
2314,66b3b4c9-6e5c-49f3-b604-b4018ab9f88b,39
2315,2360f0cc-f654-47ed-a32a-bfae0a3a024d,39
2316,19684546-32d9-4405-ac2c-7c45f801e65e,39
2317,0012becb-bb83-441f-86f7-377e41e073db,39
2323,d55ddacc-c606-48b4-b853-993c1bb5102e,39
2324,be41d935-da78-49ef-8502-2404ca6516fb,39
2325,8acf9093-f83c-4658-8e6a-995df1f5e779,39
2327,a409a4b2-6fbb-48a7-ae3e-1318c9419936,39
2329,7fe3f696-9ec7-4a5f-9cc1-b1c9177583d4,39
2330,5d790265-547e-4add-b41a-a7eb338ed840,39
2332,8076cd2c-54c3-4c7c-985a-ac5c59655824,39
2333,3d698401-b1c5-4455-afb5-86a59ef3c1d6,39
2334,fe3e1856-8b8e-4e7c-b1bc-3245aa706b5f,39
2335,9a14b293-6386-4e65-9b3b-6664880a9ce9,39
2336,742bd9c0-1cd0-42b1-b97c-0dd58bbcdab1,39
2337,742bd9c0-1cd0-42b1-b97c-0dd58bbcdab1,39
2338,338cf4d5-0b12-46f8-bf99-f9cf574c7667,39
2427,fd007cf9-6be2-4802-801e-4d2e45a1ea60,39
2428,4d3e40ef-2c10-4e24-953b-85964de7f93f,39
2432,5648c231-7f70-496f-93fb-fc16c76640ea,39
2433,4c169223-2d4a-48cc-870b-2b6cf8e5bfd9,39
2434,2248d770-561a-4a8e-88a8-9b6ea96b58de,39
2442,657e63dd-010a-4312-b14f-2c89610a42df,39
2447,2b4a0694-51b5-4991-abc8-51d4c633bad7,39
2449,76fa1d14-36c0-41c3-a0c1-0ce653eb0fd5,39
2451,c497e5f4-38d3-46e0-a7f7-784b6a425cd0,39
2452,1ceea20b-acd5-4db8-a34e-64e81175716f,39
2453,6a5228e3-7d6b-44ad-b2ff-75eabbb0597e,39
2455,29039987-d708-4739-b1ff-2924fd95292b,39
2456,bf3b3eb8-a3fd-4cc0-b0b7-b6b5793cac39,39
2460,9a5490e4-5d6a-40b2-8bdc-9d67ecd8051d,39
